<wpml-config>
	<custom-fields>
		<custom-field action="copy">_visibility</custom-field>
		<custom-field action="copy">_featured</custom-field>
		<custom-field action="copy">_disable_add_to_cart</custom-field>
		<custom-field action="copy">_listings_only</custom-field>
		<custom-field action="translate">_jck_wssv_display_title</custom-field>
		<custom-field action="copy">variation_menu_order</custom-field>
		<custom-field action="copy">total_sales</custom-field>
		<custom-field action="copy">_recorded_variation_sales</custom-field>
	</custom-fields>
</wpml-config>